Freelancer-ID;Rang (Kategorie);Nachname;Vorname;Freelancer-Tätigkeit;Tätigkeiten-ID-Bereich;Profilfoto (URL);Kurzbeschreibung;Ausführliche Beschreibung;Jahre tätig;Ø Bezahlung pro Projekt (CHF)
VID-01;1;Marti;Elena;Videograf;AKT-VID-01 – AKT-VID-16 (16 Tätigkeiten);https://randomuser.me/api/portraits/women/12.jpg;Seit über zehn Jahren erzähle ich Geschichten mit bewegten Bildern, von Imagefilmen bis Social-Media-Content, immer mit einem klaren Blick fürs Wesentliche.;Ich bin Elena, gelernte Mediamatikerin und seit zwölf Jahren als Videografin unterwegs. Angefangen habe ich mit kleinen Hochzeitsvideos, heute drehe ich vor allem Imagefilme, Social-Media-Content und Werbespots für KMU in der ganzen Deutschschweiz. Mein Fokus liegt auf authentischem Storytelling: Ich will, dass man beim Zuschauen spürt, wer hinter einer Marke steht, nicht nur, was sie verkauft. Über die Jahre habe ich mit Cafés, Start-ups und mittelständischen Industriebetrieben gearbeitet und mich dabei in unterschiedlichste Branchen eingedacht. Ich arbeite mit eigenem Kamera-Equipment inklusive Gimbal und Drohne, den Schnitt erledige ich selbst in DaVinci Resolve. Am liebsten begleite ich Projekte von der ersten Konzeptidee bis zum fertigen Schnitt, weil dabei die stimmigsten Ergebnisse entstehen. Wer ein Video sucht, das im Gedächtnis bleibt, ist bei mir genau richtig.;12;3450
VID-02;2;Frei;Noah;Videograf;AKT-VID-01 – AKT-VID-16 (16 Tätigkeiten);https://randomuser.me/api/portraits/men/8.jpg;Ich bin Videograf mit Fokus auf Werbe- und Social-Media-Content, seit acht Jahren dabei und spezialisiert auf schnelle, wirkungsvolle Formate für Marken.;Ich heisse Noah und drehe seit acht Jahren Videos für Marken, die auffallen wollen. Nach der Ausbildung zum Kaufmann habe ich mich autodidaktisch ins Filmen eingearbeitet und mich schnell auf Werbe-Content für Social Media spezialisiert – Meta-Ads, TikTok-Kampagnen, YouTube-Pre-Rolls. Mich reizt vor allem das Tempo dieser Formate: In wenigen Sekunden muss eine Botschaft sitzen, das ist wie ein kleines Puzzle, das ich jedes Mal neu löse. In den letzten Jahren habe ich vor allem mit E-Commerce-Marken und lokalen Detailhändlern zusammengearbeitet und dabei gelernt, wie unterschiedlich Zielgruppen auf Bewegtbild reagieren. Ich plane, drehe und schneide meist im Alleingang, was schnelle Umsetzungszeiten ermöglicht. Wichtig ist mir, dass jedes Projekt mit klaren Kennzahlen im Hinterkopf entsteht – ein schönes Video allein reicht mir nicht, es soll auch etwas bewirken.;8;2450
VID-03;3;Keller;Sina;Videograf;AKT-VID-01 – AKT-VID-16 (16 Tätigkeiten);https://randomuser.me/api/portraits/women/23.jpg;Ich bin Videografin für Marken- und Eventfilme, seit fünf Jahren tätig, mit einem geschulten Auge für ruhige, emotionale und durchdachte Bildsprache.;Ich bin Sina und habe Film an einer Fachhochschule studiert, bevor ich vor fünf Jahren als selbstständige Videografin gestartet bin. Mein Schwerpunkt liegt auf Imagefilmen, CEO-Storytelling und der Dokumentation von Firmenevents – überall dort, wo eine ruhige, durchdachte Bildsprache mehr bewirkt als schnelle Schnitte. Besonders gerne arbeite ich mit Unternehmen, die eine persönliche Geschichte zu erzählen haben, etwa Gründerinnen und Gründer, die ihr Unternehmen aus einer Nische aufgebaut haben. In den letzten Jahren durfte ich mehrere solcher Porträts realisieren und dabei viel über das richtige Mass an Nähe in Interviews gelernt. Ich übernehme Konzeption, Dreh und Schnitt selbst und lege grossen Wert auf eine sorgfältige Vorbereitung, damit sich alle Beteiligten am Drehtag wohlfühlen. Für mich zählt nicht die Anzahl Schnitte pro Minute, sondern ob am Ende eine Geschichte hängen bleibt.;5;1700
VID-04;4;Baumann;David;Videograf;AKT-VID-01 – AKT-VID-16 (16 Tätigkeiten);https://randomuser.me/api/portraits/men/19.jpg;Ich bin ein junger Videograf mit grosser Leidenschaft für Produktvideos und Behind-the-Scenes-Content, seit drei Jahren beruflich am Start und ständig am Dazulernen.;Ich bin David, 27 Jahre alt und seit drei Jahren hauptberuflich als Videograf tätig. Nach einer Zeit als Quereinsteiger im Marketing eines Sportartikelherstellers habe ich mich entschieden, das Filmen zu meinem Beruf zu machen, weil ich dort am meisten Energie reinstecken kann. Mein Schwerpunkt sind Produktvideos und Behind-the-Scenes-Content, mit dem Marken zeigen können, wie ihre Produkte entstehen oder eingesetzt werden. Ich arbeite eng mit kleinen Teams zusammen und lege Wert darauf, den Prozess unkompliziert zu halten – von der ersten Skizze bis zum fertigen Clip vergehen bei mir oft nur wenige Tage. Auch wenn ich noch am Anfang meiner Karriere stehe, bringe ich durch meine Marketing-Erfahrung ein gutes Gespür dafür mit, wie ein Video im Verkauf tatsächlich wirkt. Ich lerne laufend dazu und investiere regelmässig in neues Equipment und Weiterbildungen im Bereich Colour Grading.;3;1200
VID-05;5;Yildiz;Aylin;Videograf;AKT-VID-01 – AKT-VID-16 (16 Tätigkeiten);https://randomuser.me/api/portraits/women/34.jpg;Ich bin eine frisch gestartete Videografin mit Fokus auf Social-Media-Content für junge Marken, kreativ, schnell und immer trendbewusst unterwegs.;Ich bin Aylin und seit einem Jahr als selbstständige Videografin unterwegs. Davor habe ich eine Ausbildung in digitalem Marketing abgeschlossen und mir das Filmen und Schneiden nebenbei selbst beigebracht, unter anderem mit einem Mentoring bei einer erfahrenen Videografin aus meinem Netzwerk. Mein Fokus liegt auf kurzen, trendbewussten Formaten für Instagram Reels und TikTok, weil ich selbst in diesen Kanälen zuhause bin und weiss, was dort funktioniert. Auch wenn ich noch am Anfang stehe, bringe ich ein sehr aktuelles Gespür für Formate, Musik und Schnitttempo mit, das bei jüngeren Zielgruppen ankommt. Ich arbeite mit dem Smartphone und einer kompakten Kamera, dazu kommt ein kleines Lichtset für Innenaufnahmen. Bisher habe ich vor allem kleinere, lokale Marken begleitet und dabei gelernt, wie wichtig eine klare Content-Strategie hinter jedem einzelnen Clip ist. Ich freue mich auf jedes neue Projekt, bei dem ich dazulernen kann.;1;700
WEB-01;1;Egli;Thomas;Webprogrammierer;AKT-WEB-01 – AKT-WEB-16 (16 Tätigkeiten);https://randomuser.me/api/portraits/men/30.jpg;Ich bin Full-Stack-Entwickler mit vierzehn Jahren Erfahrung und spezialisiert auf Online-Shops sowie massgeschneiderte Web-Applikationen für kleine und mittlere Unternehmen.;Ich bin Thomas, Informatiker und seit vierzehn Jahren als selbstständiger Webprogrammierer tätig. Begonnen habe ich in einer Agentur, seit über zehn Jahren arbeite ich nun in eigener Regie für KMU aus der ganzen Schweiz. Mein Schwerpunkt liegt auf Online-Shops mit Shopify und WooCommerce sowie auf massgeschneiderten Web-Applikationen, wenn Standardlösungen nicht mehr ausreichen. Über die Jahre habe ich unzählige Projekte begleitet, von der ersten Unternehmenswebsite bis zu komplexen CRM-Integrationen, und dabei gelernt, dass technische Sauberkeit und verständliche Kommunikation gleichermassen wichtig sind. Ich lege grossen Wert auf sauberen Code, gute Performance und technisches SEO, weil eine Website nur dann etwas bringt, wenn sie auch gefunden wird. Kundinnen und Kunden schätzen an mir, dass ich komplexe technische Zusammenhänge einfach erklären kann und Projekte zuverlässig zu Ende bringe, auch wenn unterwegs neue Anforderungen dazukommen.;14;5150
WEB-02;2;Nair;Priya;Webprogrammierer;AKT-WEB-01 – AKT-WEB-16 (16 Tätigkeiten);https://randomuser.me/api/portraits/women/45.jpg;Ich bin Webentwicklerin mit Fokus auf Landingpages und Marketing-Automation, seit neun Jahren im Geschäft, sehr technikaffin und stets lösungsorientiert unterwegs.;Ich bin Priya, habe Wirtschaftsinformatik studiert und bin seit neun Jahren als Webprogrammiererin selbstständig. Mein Spezialgebiet sind Landingpages für Werbekampagnen sowie die Anbindung von Marketing-Tools wie Newslettersystemen, CRM und Tracking. Ich habe in dieser Zeit mit sehr unterschiedlichen Branchen gearbeitet, von lokalen Dienstleistern bis zu wachsenden Start-ups, und dabei ein feines Gespür dafür entwickelt, wie technische Entscheidungen das Marketing-Ergebnis beeinflussen. Besonders wichtig ist mir sauberes Tracking: Ohne verlässliche Daten lässt sich keine Kampagne wirklich verbessern, deshalb richte ich Google Analytics, Meta Pixel und den Google Tag Manager bei fast jedem Projekt mit ein. Ich arbeite meist eng mit Grafikerinnen und Content-Verantwortlichen zusammen und übernehme dabei die technische Umsetzung, A/B-Tests inklusive. Mein Ziel ist immer, dass eine Seite nicht nur gut aussieht, sondern messbar bessere Ergebnisse liefert.;9;3550
WEB-03;3;Rossi;Marco;Webprogrammierer;AKT-WEB-01 – AKT-WEB-16 (16 Tätigkeiten);https://randomuser.me/api/portraits/men/41.jpg;Ich bin Entwickler für Websites und Onlineshops, seit sechs Jahren tätig, mit klarem Schwerpunkt auf sauberer und zuverlässiger technischer Umsetzung.;Ich heisse Marco und arbeite seit sechs Jahren als Webentwickler, nachdem ich eine Lehre als Applikationsentwickler abgeschlossen habe. Mein Alltag dreht sich um den Aufbau und die Pflege von Unternehmenswebsites und Onlineshops, meist auf Basis von WordPress oder Shopify. Ich habe in den letzten Jahren gelernt, wie wichtig es ist, Projekte in klaren Etappen zu planen, damit Kundinnen und Kunden jederzeit wissen, woran ich gerade arbeite. Besonders gerne übernehme ich die technische Seite von Marketingprojekten: DSGVO-konforme Cookie-Lösungen, Buchungssysteme oder Produktkonfiguratoren gehören ebenso zu meinem Alltag wie klassische Website-Programmierung. Ich arbeite meist im engen Austausch mit Grafikerinnen oder Grafikern, die das Design liefern, während ich für die technisch saubere und schnelle Umsetzung sorge. Verlässlichkeit ist mir wichtig – vereinbarte Termine halte ich ein, auch wenn ein Projekt einmal komplizierter wird als gedacht.;6;2550
WEB-04;4;Hunziker;Fabienne;Webprogrammierer;AKT-WEB-01 – AKT-WEB-16 (16 Tätigkeiten);https://randomuser.me/api/portraits/women/56.jpg;Ich bin Webentwicklerin mit Schwerpunkt WordPress und Landingpages, seit vier Jahren dabei, mit feinem Gespür für Nutzerfreundlichkeit und klare Kommunikation.;Ich bin Fabienne, ausgebildete Mediamatikerin, und seit vier Jahren als freiberufliche Webentwicklerin tätig. Nach ersten Jahren in einer kleinen Agentur habe ich mich selbstständig gemacht, um näher mit meinen Kundinnen und Kunden zusammenzuarbeiten. Mein Schwerpunkt liegt auf WordPress-Websites und Kampagnen-Landingpages für kleinere Unternehmen, die noch keine grosse Marketingabteilung haben. Mir ist besonders wichtig, dass Websites einfach zu bedienen sind, auch für Kundinnen und Kunden ohne technisches Vorwissen, deshalb erkläre ich das Backend jeweils ausführlich und dokumentiere meine Arbeit verständlich. In den letzten Jahren habe ich viel Erfahrung mit Newsletter-Integrationen und einfachen CRM-Anbindungen gesammelt. Ich schätze den direkten Kontakt zu kleinen Betrieben, weil man dort schnell sieht, welchen Unterschied eine gut gemachte Website tatsächlich macht. Termine und Budget halte ich verlässlich ein, auch bei kleineren Projekten mit engem Zeitrahmen.;4;1900
WEB-05;5;Steiner;Leon;Webprogrammierer;AKT-WEB-01 – AKT-WEB-16 (16 Tätigkeiten);https://randomuser.me/api/portraits/men/52.jpg;Ich bin ein junger Webentwickler mit Fokus auf schnelle, moderne Websites für Start-ups und kleine Unternehmen, seit zwei Jahren selbstständig tätig.;Ich bin Leon, 24 Jahre alt und seit zwei Jahren als Webentwickler selbstständig, nach meiner Lehre als Informatiker mit Vertiefung Applikationsentwicklung. Ich habe mich bewusst auf kleinere, schnell umsetzbare Projekte spezialisiert, etwa einfache Unternehmenswebsites oder Microsites für Produktlaunches. Für mich ist wichtig, dass moderne Websites schnell laden und auf dem Smartphone genauso gut funktionieren wie am Computer, deshalb setze ich konsequent auf technisches SEO und schlanke Umsetzungen. Auch wenn ich noch am Anfang meiner Karriere stehe, habe ich schon einige spannende Projekte mit Start-ups und jungen Unternehmen umsetzen dürfen, die mir wichtige Praxiserfahrung gegeben haben. Ich bin offen für neue Technologien und bilde mich laufend weiter, aktuell vor allem im Bereich Performance-Optimierung. Kundinnen und Kunden schätzen an mir die unkomplizierte, direkte Kommunikation und dass ich auch kurzfristige Anpassungen meist rasch umsetzen kann.;2;1250
FOTO-01;1;Meier;Ursula;Fotograf;AKT-FOTO-01 – AKT-FOTO-13 (13 Tätigkeiten);https://randomuser.me/api/portraits/women/67.jpg;Ich bin Fotografin mit fünfzehn Jahren Erfahrung in Produkt-, Team- und Eventfotografie, bekannt für mein ruhiges, professionelles und geschultes Auge.;Ich bin Ursula und seit fünfzehn Jahren als selbstständige Fotografin tätig, nach meiner Ausbildung an einer Fotofachschule. In dieser Zeit habe ich praktisch jedes Genre der Unternehmensfotografie abgedeckt: Produktfotos für Onlineshops, Teamporträts für Employer Branding, Eventfotografie und Imagefotos für Websites und Printmaterialien. Was sich über die Jahre nicht verändert hat, ist mein Anspruch an saubere Ausleuchtung und ein ruhiges, professionelles Bild, das auch nach Jahren noch überzeugt. Ich arbeite mit vollformatigen Kameras und einem eigenen kleinen Studio, biete aber genauso gerne Aufnahmen direkt vor Ort beim Kunden an. Über die Jahre habe ich ein grosses Netzwerk an Stammkundinnen und -kunden aufgebaut, die mich regelmässig für neue Kollektionen oder Firmenanlässe buchen. Ich schätze es sehr, wenn ich ein Unternehmen über längere Zeit begleiten und seine Entwicklung mit der Kamera festhalten kann.;15;2800
FOTO-02;2;Weber;Jonas;Fotograf;AKT-FOTO-01 – AKT-FOTO-13 (13 Tätigkeiten);https://randomuser.me/api/portraits/men/63.jpg;Ich bin Fotograf mit Spezialisierung auf Food- und Lifestyle-Fotografie, seit zehn Jahren tätig, mit feinem Gespür für stimmungsvolle, natürliche Bilder.;Ich heisse Jonas und bin seit zehn Jahren als Fotograf selbstständig. Mein Schwerpunkt hat sich über die Jahre klar herauskristallisiert: Food-Fotografie für Restaurants und Lebensmittelmarken sowie Lifestyle-Aufnahmen, die Produkte im echten Alltag zeigen statt im sterilen Studio. Ich habe unter anderem für mehrere Gastronomiebetriebe die komplette Speisekarten- und Website-Fotografie übernommen und dabei gelernt, wie entscheidend gutes Licht und die richtige Anrichteweise für appetitliche Bilder sind. Auch Architektur- und Interieuraufnahmen von Hotels und Restaurants gehören inzwischen zu meinem Portfolio. Ich arbeite meist mit natürlichem Licht und wenig zusätzlichem Equipment, weil das den Bildern eine authentische, warme Stimmung verleiht. Kundinnen und Kunden schätzen an mir, dass ich mich schnell in eine Marke hineindenken kann und auch bei engen Zeitfenstern zuverlässig und termingerecht liefere.;10;1950
FOTO-03;3;Dubois;Michelle;Fotograf;AKT-FOTO-01 – AKT-FOTO-13 (13 Tätigkeiten);https://randomuser.me/api/portraits/women/78.jpg;Ich bin Fotografin für E-Commerce und Social-Media-Content, seit sechs Jahren aktiv, mit klarem Fokus auf saubere, verkaufsstarke und einheitliche Bilder.;Ich bin Michelle, gelernte Fotofachfrau, und seit sechs Jahren selbstständig unterwegs. Mein Fokus liegt auf E-Commerce-Fotografie: Produktfreisteller, Detailaufnahmen und Content-Shootings für den Social-Media-Redaktionsplan meiner Kundinnen und Kunden. Viele Onlineshops kommen zu mir, weil sie merken, dass gute Produktbilder direkt den Umsatz beeinflussen, und genau dort setze ich an. Ich arbeite systematisch: Vor jedem Shooting erstelle ich eine klare Bildliste, damit am Drehtag effizient gearbeitet werden kann und alle benötigten Formate für Shop, Social Media und Werbung abgedeckt sind. Über die Jahre habe ich mit mehreren wachsenden Modelabels und Beauty-Marken zusammengearbeitet und dabei gelernt, wie wichtig ein einheitlicher Bildstil für die Markenwiedererkennung ist. Ich liefere in der Regel innerhalb weniger Tage bearbeitete, sofort einsetzbare Bilder und lege Wert auf eine unkomplizierte, klare Kommunikation während des gesamten Prozesses.;6;1300
FOTO-04;4;Ott;Samuel;Fotograf;AKT-FOTO-01 – AKT-FOTO-13 (13 Tätigkeiten);https://randomuser.me/api/portraits/men/74.jpg;Ich bin Fotograf mit Schwerpunkt Employer Branding und Unternehmensfotografie, seit drei Jahren selbstständig tätig, direkt, zuverlässig und unkompliziert im Kontakt.;Ich bin Samuel und seit drei Jahren als Fotograf selbstständig, nach einigen Jahren als angestellter Fotoassistent in einem Studio. Mein Schwerpunkt liegt auf Employer-Branding- und Unternehmensfotografie: Recruiting-Fotos, Büro- und Teamaufnahmen sowie Bewerbungsfotos für Firmen, die neue Mitarbeitende gewinnen wollen. Ich habe gemerkt, dass viele KMU hier grossen Nachholbedarf haben, weil professionelle Bilder oft erst spät als Teil des Marketings wahrgenommen werden. Deshalb lege ich Wert darauf, meinen Kundinnen und Kunden schon vor dem Shooting zu zeigen, wofür die Bilder später eingesetzt werden können. Technisch arbeite ich mit einer soliden Grundausrüstung und einem mobilen Lichtset, das ich flexibel vor Ort einsetzen kann. Auch wenn ich noch relativ am Anfang meiner Selbstständigkeit stehe, habe ich in den letzten Jahren bereits einige feste Kundenbeziehungen aufbauen können, die mich für wiederkehrende Shootings buchen.;3;800
FOTO-05;5;Fischer;Lara;Fotograf;AKT-FOTO-01 – AKT-FOTO-13 (13 Tätigkeiten);https://randomuser.me/api/portraits/women/89.jpg;Ich bin eine frisch selbstständige Fotografin mit Fokus auf Social-Media-taugliche Produkt- und Lifestyle-Fotos für kleine, wachsende Marken mit kleinem Budget.;Ich bin Lara und seit einem Jahr als selbstständige Fotografin tätig, nach meiner Ausbildung an einer Fotofachschule und einem Praktikum bei einer erfahrenen Produktfotografin. Mein Fokus liegt auf Social-Media-tauglichen Produkt- und Lifestyle-Fotos für kleine, wachsende Marken, die noch kein grosses Budget für aufwendige Kampagnen haben, aber trotzdem professionell auftreten wollen. Ich arbeite in einem kleinen, selbst eingerichteten Homestudio und biete auch mobile Shootings direkt bei den Kundinnen und Kunden an. Auch wenn ich noch am Anfang meiner Karriere stehe, habe ich durch mein Praktikum bereits viel praktische Erfahrung in Bildbearbeitung und Lichtsetzung gesammelt. Mir ist wichtig, dass sich auch kleinere Betriebe eine professionelle Bildsprache leisten können, deshalb biete ich kompakte, faire Pakete an. Ich freue mich über jedes Projekt, bei dem ich mit einer Marke gemeinsam wachsen kann.;1;450
CC-01;1;Roth;Chantal;Content Creator;AKT-CC-01 – AKT-CC-17 (17 Tätigkeiten);https://randomuser.me/api/portraits/women/5.jpg;Ich bin Content-Strategin und Texterin mit elf Jahren Erfahrung, spezialisiert auf Redaktionspläne, Markensprache und durchdachte Content-Strategien für KMU aus verschiedensten Branchen.;Ich bin Chantal, habe Kommunikation studiert und bin seit elf Jahren als Content Creator selbstständig. In dieser Zeit habe ich mich vom reinen Text-Freelancing hin zu einer umfassenderen Content-Strategin entwickelt: Ich entwickle Redaktionspläne, Tonalitäts-Guidelines und komplette Content-Strategien für kleine und mittlere Unternehmen. Besonders wichtig ist mir, dass Marken eine klare, wiedererkennbare Sprache entwickeln, bevor einzelne Postings entstehen, deshalb beginne ich neue Projekte meist mit einer kurzen Positionierungsanalyse. Ich habe mit Unternehmen aus den unterschiedlichsten Branchen gearbeitet, von Cafés bis zu B2B-Softwarefirmen, und dabei gelernt, dass gute Texte immer erst mit einem Verständnis für die Zielgruppe beginnen. Neben der Strategie schreibe ich auch selbst: Blogartikel, Newsletter und Ad-Copy gehören zu meinem Alltag. Kundinnen und Kunden schätzen an mir die Kombination aus strategischem Denken und der Fähigkeit, das auch praktisch in Texte umzusetzen.;11;1650
CC-02;2;Bucher;Yannick;Content Creator;AKT-CC-01 – AKT-CC-17 (17 Tätigkeiten);https://randomuser.me/api/portraits/men/85.jpg;Content Creator mit Fokus auf SEO-Texte und Blogartikel, seit sieben Jahren tätig, mit einem Flair für verständliche Sprache.;Ich heisse Yannick und schreibe seit sieben Jahren hauptberuflich Texte für Unternehmen. Mein Schwerpunkt liegt auf SEO-Blogartikeln, FAQ-Seiten und Produktbeschreibungen, also auf Content, der nicht nur gut klingt, sondern auch gefunden wird. Ich habe mir über die Jahre fundiertes Wissen im Bereich Suchmaschinenoptimierung angeeignet und arbeite eng mit Webentwicklerinnen und -entwicklern zusammen, damit Text und Technik zusammenpassen. Besonders gerne übernehme ich grössere Textprojekte, etwa den kompletten Aufbau eines Blogs oder Wissensbereichs für Onlineshops, weil ich dort meine Stärke im strukturierten Arbeiten ausspielen kann. In den letzten Jahren habe ich vor allem mit Onlineshops und lokalen Dienstleistungsbetrieben zusammengearbeitet und dabei gelernt, komplizierte Themen einfach und trotzdem überzeugend zu erklären. Ich liefere meine Texte immer mit einer kurzen Begründung, warum ich bestimmte Formulierungen oder Strukturen gewählt habe.;7;1150
CC-03;3;Brunner;Mia;Content Creator;AKT-CC-01 – AKT-CC-17 (17 Tätigkeiten);https://randomuser.me/api/portraits/women/16.jpg;Ich bin Content Creator und Community-Managerin, seit fünf Jahren aktiv, mit feinem Gespür für einen authentischen und nahbaren Social-Media-Auftritt.;Ich bin Mia und seit fünf Jahren als Content Creator selbstständig, mit einem Hintergrund im Eventmanagement, den ich später in Richtung Social Media weiterentwickelt habe. Mein Schwerpunkt liegt auf Redaktionsplänen, Story-Konzepten und Community-Management für Unternehmen, die eine echte Beziehung zu ihrer Zielgruppe aufbauen wollen. Ich beantworte für einige Kundinnen und Kunden auch laufend Kommentare und Direktnachrichten, weil ich überzeugt bin, dass gutes Community-Management genauso wichtig ist wie der eigentliche Content. In den letzten Jahren habe ich vor allem mit Studios, Cafés und kleinen Detailhändlern gearbeitet, die von einer aktiven, nahbaren Community profitieren. Ich denke Content immer vom Gespräch her: Was würde die Zielgruppe wirklich interessieren, worauf würde sie reagieren? Kundinnen und Kunden schätzen an mir die verlässliche, persönliche Betreuung und dass ich auch spontan auf aktuelle Trends reagieren kann.;5;900
CC-04;4;Zbinden;Kevin;Content Creator;AKT-CC-01 – AKT-CC-17 (17 Tätigkeiten);https://randomuser.me/api/portraits/men/3.jpg;Ich bin Content Creator für Ad-Copy und Landingpage-Texte, seit drei Jahren dabei, mit klarem Fokus auf messbare, verkaufsstarke Ergebnisse.;Ich bin Kevin, habe zuerst im Verkauf gearbeitet und mich vor drei Jahren als Content Creator selbstständig gemacht. Mein Fokus liegt auf Ad-Copywriting und Landingpage-Texten, weil mir aus dem Verkauf ein gutes Gespür dafür geblieben ist, welche Formulierungen Menschen tatsächlich zum Handeln bewegen. Ich arbeite meist eng mit Webentwicklerinnen oder Web-Grafikern zusammen und liefere die Texte für Kampagnen-Landingpages, Google- und Meta-Ads sowie E-Mail-Sequenzen. Besonders wichtig ist mir, dass jeder Text ein klares Ziel verfolgt, sei es ein Kauf, eine Anmeldung oder eine Anfrage. In den letzten Jahren habe ich vor allem mit kleineren B2C-Marken und lokalen Dienstleistern zusammengearbeitet und dabei gelernt, wie stark schon kleine Formulierungsänderungen die Conversion-Rate beeinflussen können. Ich teste gerne verschiedene Textvarianten und werte die Ergebnisse gemeinsam mit meinen Kundinnen und Kunden aus.;3;600
CC-05;5;Wyss;Selina;Content Creator;AKT-CC-01 – AKT-CC-17 (17 Tätigkeiten);https://randomuser.me/api/portraits/women/27.jpg;Ich bin Content Creator mit Fokus auf mehrsprachige Texte und Übersetzungen, seit zwei Jahren tätig, präzise, sorgfältig und kulturell sehr sensibel.;Ich bin Selina, zweisprachig mit Deutsch und Französisch aufgewachsen und seit zwei Jahren als Content Creator selbstständig. Mein Schwerpunkt liegt auf mehrsprachigem Content: Ich schreibe und übersetze Produktbeschreibungen, Blogartikel und Marketingtexte für Unternehmen, die auch die französischsprachige Schweiz oder Frankreich erreichen wollen. Dabei geht es mir nicht um wörtliche Übersetzung, sondern darum, dass ein Text in beiden Sprachen gleich gut wirkt und kulturell passt. Auch wenn ich noch relativ neu selbstständig bin, habe ich durch mein Studium in angewandter Linguistik ein solides sprachliches Fundament, auf dem ich aufbauen kann. In den letzten zwei Jahren habe ich vor allem mit exportorientierten KMU zusammengearbeitet, die genau diese Kombination aus Marketing-Sprache und Übersetzung suchten. Ich arbeite sorgfältig und mit klaren Absprachen, damit am Ende ein Text entsteht, der in beiden Märkten überzeugt.;2;500
PRINT-01;1;Gerber;Heinz;Print-Grafiker;AKT-PRINT-01 – AKT-PRINT-15 (15 Tätigkeiten);https://randomuser.me/api/portraits/men/14.jpg;Ich bin Print-Grafiker mit dreizehn Jahren Erfahrung, ausgewiesener Experte für CI/CD-Aufbau und klassische Werbemittel vom Logo bis zum Jahresbericht.;Ich bin Heinz, gelernter Grafiker und seit dreizehn Jahren selbstständig im Bereich Print-Design tätig. In dieser Zeit habe ich unzählige Unternehmen beim Aufbau ihrer visuellen Identität begleitet, von der ersten Logo-Idee bis zum fertigen CI/CD-Manual. Mein Schwerpunkt liegt auf klassischen Werbemitteln wie Flyern, Broschüren, Jahresberichten und Corporate Stationery, wo saubere Typografie und ein durchdachtes Rastersystem den Unterschied machen. Ich habe über die Jahre gelernt, dass ein gutes CI/CD nicht nur schön aussehen, sondern auch im Alltag funktionieren muss, etwa auf Rechnungen, Visitenkarten oder Messeständen. Deshalb erstelle ich zu jedem Projekt einen klaren Styleguide, damit auch andere Gestalterinnen und Gestalter später konsistent damit arbeiten können. Meine Kundschaft reicht von Handwerksbetrieben bis zu Kanzleien, die einen seriösen, zeitlosen Auftritt schätzen. Verlässlichkeit und Termintreue sind für mich selbstverständlich.;13;2100
PRINT-02;2;Kunz;Anna;Print-Grafiker;AKT-PRINT-01 – AKT-PRINT-15 (15 Tätigkeiten);https://randomuser.me/api/portraits/women/38.jpg;Ich bin Print-Grafikerin mit Fokus auf Verpackung und POS-Material, seit acht Jahren tätig, mit feinem Gespür für Materialien, Farben und Haptik.;Ich bin Anna und seit acht Jahren als Print-Grafikerin selbstständig. Mein Schwerpunkt hat sich über die Jahre auf Verpackungsdesign und POS-Material verlagert: Produktverpackungen, Etiketten, Regalbeschriftungen und Displays für den Point of Sale. Mich fasziniert an diesem Bereich, dass Gestaltung hier nicht nur am Bildschirm, sondern auch in der Hand überzeugen muss – Materialwahl, Haptik und Druckverfahren spielen eine ebenso grosse Rolle wie das reine Design. Ich habe eng mit Lebensmittelherstellern und kleinen Manufakturen zusammengearbeitet und dabei viel über Drucktechniken und Materialeigenschaften gelernt. Bevor ein Design in Druck geht, erstelle ich immer ein physisches Muster, damit meine Kundinnen und Kunden das Ergebnis wirklich in den Händen halten können. Neben Verpackung übernehme ich auch klassische Give-aways und Werbeartikel, wenn eine Marke ihren Auftritt bei Events sichtbar machen möchte.;8;1400
PRINT-03;3;Moser;Pascal;Print-Grafiker;AKT-PRINT-01 – AKT-PRINT-15 (15 Tätigkeiten);https://randomuser.me/api/portraits/men/25.jpg;Ich bin Print-Grafiker für Werbemittel und Messeauftritte, seit sechs Jahren tätig, effizient, zuverlässig und mit gutem Blick fürs Detail.;Ich heisse Pascal und bin seit sechs Jahren als Print-Grafiker selbstständig, nach einer Lehre als Polygraf. Mein Alltag dreht sich vor allem um klassische Werbemittel: Flyer, Plakate, Roll-ups und Inserate für Zeitungen und Fachmagazine. Besonders spezialisiert habe ich mich auf Messeauftritte, weil ich dort meine Freude an grossformatiger Gestaltung und klaren Botschaften am besten einbringen kann. Ich habe in den letzten Jahren mit verschiedenen Handwerksbetrieben und lokalen Detailhändlern zusammengearbeitet, die regelmässig an Messen und Märkten teilnehmen und dafür einen konsistenten, wiedererkennbaren Auftritt brauchen. Mir ist wichtig, druckfertige Dateien zu liefern, die bei der Druckerei ohne Nachbesserung funktionieren, deshalb kenne ich mich gut mit Beschnitt, Farbräumen und Papierarten aus. Kundinnen und Kunden schätzen an mir die schnelle, unkomplizierte Umsetzung auch bei kurzfristigen Aufträgen vor einer Messe.;6;1100
PRINT-04;4;Petrović;Ivana;Print-Grafiker;AKT-PRINT-01 – AKT-PRINT-15 (15 Tätigkeiten);https://randomuser.me/api/portraits/women/49.jpg;Ich bin Print-Grafikerin mit Fokus auf Broschüren und Präsentationsdesign, seit vier Jahren selbstständig tätig, strukturiert, sorgfältig und sehr detailverliebt.;Ich bin Ivana, habe Grafikdesign studiert und bin seit vier Jahren als Print-Grafikerin selbstständig. Mein Schwerpunkt liegt auf umfangreicheren Dokumenten wie Broschüren, Katalogen und Präsentationsvorlagen für PowerPoint und Keynote. Ich arbeite gerne an Projekten, bei denen viel Inhalt strukturiert und übersichtlich aufbereitet werden muss, etwa Produktkataloge mit vielen Varianten oder Verkaufsunterlagen für den Aussendienst. In den letzten Jahren habe ich mit mehreren Industrie- und Dienstleistungsunternehmen zusammengearbeitet, die ihre internen und externen Dokumente professionalisieren wollten. Mir ist wichtig, dass eine Vorlage nicht nur einmalig gut aussieht, sondern auch von Mitarbeitenden ohne Design-Kenntnisse weiterverwendet werden kann, deshalb baue ich meine Vorlagen entsprechend flexibel und gut dokumentiert auf. Kundinnen und Kunden schätzen an mir die strukturierte Arbeitsweise und dass ich auch bei grossen Dokumenten den Überblick behalte.;4;850
PRINT-05;5;Lehmann;Timo;Print-Grafiker;AKT-PRINT-01 – AKT-PRINT-15 (15 Tätigkeiten);https://randomuser.me/api/portraits/men/36.jpg;Ich bin ein frisch selbstständiger Print-Grafiker mit Fokus auf Flyer und lokale Werbemittel für kleine Betriebe, motiviert und sehr detailverliebt.;Ich bin Timo, 23 Jahre alt und seit einem Jahr als Print-Grafiker selbstständig, direkt nach meiner Lehre als Polygraf. Mein Fokus liegt auf einfachen, wirkungsvollen Werbemitteln für kleine, lokale Betriebe: Flyer, Plakate und Give-aways, die ohne grosses Budget trotzdem professionell aussehen sollen. Ich habe während der Lehre viel Erfahrung im Umgang mit Druckvorstufen und Papierarten gesammelt, die ich jetzt in meinen eigenen Projekten einsetze. Auch wenn ich noch am Anfang stehe, arbeite ich sehr sorgfältig und hole mir bei komplexeren Fragen gerne Rat bei ehemaligen Berufskolleginnen und -kollegen. Bisher habe ich vor allem mit Geschäften und Handwerksbetrieben aus meiner Region zusammengearbeitet, die einen unkomplizierten, direkten Ansprechpartner für ihre Werbemittel suchten. Ich freue mich über jedes Projekt, bei dem ich mein Können weiter unter Beweis stellen kann.;1;400
WGRAF-01;1;Huber;Sandra;Web-Grafiker;AKT-WGRAF-01 – AKT-WGRAF-14 (14 Tätigkeiten);https://randomuser.me/api/portraits/women/60.jpg;Ich bin Web-Grafikerin mit zwölf Jahren Erfahrung, spezialisiert auf digitales Branding und Website-Design von der ersten Skizze bis zur fertigen Seite.;Ich bin Sandra, Grafikerin mit Vertiefung in digitalem Design, und seit zwölf Jahren als Web-Grafikerin selbstständig. Mein Schwerpunkt liegt auf digitalem Branding: Ich entwickle Logos, Brand-Guidelines und Styleguides speziell für den digitalen Einsatz und setze diese anschliessend in Website- und Landingpage-Designs um. In dieser Zeit habe ich zahlreiche Unternehmen von der ersten Markenidee bis zur fertigen Website begleitet und dabei gelernt, wie wichtig ein durchgängiges visuelles Konzept über alle digitalen Kontaktpunkte hinweg ist. Ich arbeite eng mit Webprogrammiererinnen und -programmierern zusammen, damit meine Designs technisch sauber und performant umgesetzt werden. Neben klassischem Website-Design gehören auch Social-Media-Templates, E-Mail-Layouts und Werbemittel-Sets für Google und Meta Ads zu meinem Alltag. Kundinnen und Kunden schätzen an mir die Kombination aus gestalterischem Gespür und einem klaren Verständnis dafür, wie digitale Marken heute funktionieren.;12;2650
WGRAF-02;2;Vogel;Elias;Web-Grafiker;AKT-WGRAF-01 – AKT-WGRAF-14 (14 Tätigkeiten);https://randomuser.me/api/portraits/men/47.jpg;Ich bin Web-Grafiker mit Fokus auf UI/UX-Design und Landingpages, seit neun Jahren tätig, mit feinem Gespür für nutzerfreundliche, klare Gestaltung.;Ich bin Elias, habe Interaction Design studiert und bin seit neun Jahren als Web-Grafiker selbstständig. Mein Schwerpunkt liegt auf UI/UX-Design für Websites und Landingpages, meist umgesetzt als Figma-Mockup, bevor die technische Entwicklung startet. Mich interessiert vor allem, wie Nutzerinnen und Nutzer sich auf einer Seite bewegen, deshalb beginne ich Projekte oft mit einer kurzen Analyse der bestehenden Website oder der Konkurrenz. In den letzten Jahren habe ich mit vielen wachsenden Onlineshops und Dienstleistungsunternehmen zusammengearbeitet, die ihre Conversion-Rate verbessern wollten. Neben klassischem Webdesign gestalte ich auch Banner-Ads und digitale Key Visuals für Kampagnen, wobei mir immer wichtig ist, dass alles auf ein einheitliches visuelles System einzahlt. Kundinnen und Kunden schätzen an mir, dass ich Designentscheidungen klar begründen kann und eng mit der Entwicklung zusammenarbeite, damit am Ende nichts an der Umsetzung verloren geht.;9;2050
WGRAF-03;3;Bianchi;Nadia;Web-Grafiker;AKT-WGRAF-01 – AKT-WGRAF-14 (14 Tätigkeiten);https://randomuser.me/api/portraits/women/71.jpg;Ich bin Web-Grafikerin mit Fokus auf Social-Media-Templates und Infografiken, seit fünf Jahren aktiv, verspielt, farbenfroh und stets konsistent im Stil.;Ich bin Nadia und seit fünf Jahren als Web-Grafikerin selbstständig, nach meiner Ausbildung als Grafikerin mit Schwerpunkt digitale Medien. Mein Fokus liegt auf Social-Media-Templates, Infografiken und kleinen Motion-Graphics-Elementen, die Inhalte auch bei komplexeren Themen leicht verständlich machen. Ich habe viel Erfahrung darin, aus trockenen Zahlen oder Informationen ansprechende, teilbare Grafiken zu machen, die in Feeds tatsächlich Aufmerksamkeit bekommen. In den letzten Jahren habe ich vor allem mit Content Creators und kleinen Marketingteams zusammengearbeitet, für die ich wiederverwendbare Template-Systeme entwickle, damit sie danach selbstständig neue Inhalte gestalten können. Mir ist eine verspielte, aber trotzdem konsistente Bildsprache wichtig, die zur jeweiligen Marke passt. Kundinnen und Kunden schätzen an mir, dass ich schnell liefere und meine Templates so aufbaue, dass sie im Alltag wirklich einfach zu bedienen sind.;5;1300
WGRAF-04;4;Graf;Simon;Web-Grafiker;AKT-WGRAF-01 – AKT-WGRAF-14 (14 Tätigkeiten);https://randomuser.me/api/portraits/men/58.jpg;Ich bin Web-Grafiker mit Fokus auf Banner-Ads und Kampagnenmaterial, seit drei Jahren tätig, schnell, zuverlässig und sehr ergebnisorientiert unterwegs.;Ich bin Simon, 26 Jahre alt und seit drei Jahren als Web-Grafiker selbstständig, nach einer Zeit als angestellter Junior-Designer in einer Werbeagentur. Mein Schwerpunkt liegt auf Banner-Ads und Kampagnenmaterial für Google Display Network und Social-Media-Werbung. In der Agentur habe ich gelernt, wie wichtig es ist, viele Formate und Grössen effizient aus einem Grundkonzept abzuleiten, das nutze ich heute in meinen eigenen Projekten. Ich arbeite meist eng mit Content Creators oder Marketing-Verantwortlichen zusammen, die mir die Kampagnenbotschaft liefern, während ich für die visuelle Umsetzung in allen benötigten Formaten sorge. In den letzten Jahren habe ich vor allem mit kleineren E-Commerce-Marken zusammengearbeitet, die regelmässig neue Kampagnen brauchen. Auch wenn ich noch relativ am Anfang meiner Selbstständigkeit stehe, liefere ich zuverlässig und schnell, was gerade bei kurzfristigen Kampagnen sehr geschätzt wird.;3;950
WGRAF-05;5;Amrein;Zoe;Web-Grafiker;AKT-WGRAF-01 – AKT-WGRAF-14 (14 Tätigkeiten);https://randomuser.me/api/portraits/women/82.jpg;Ich bin eine frisch selbstständige Web-Grafikerin mit Fokus auf moderne Landingpage-Designs und Icon-Sets für junge, digital-affine Marken mit frischem Auftritt.;Ich bin Zoe, 22 Jahre alt und seit einem Jahr als Web-Grafikerin selbstständig, direkt nach meinem Studium in digitalem Design. Mein Fokus liegt auf modernen Landingpage-Designs und Icon-Sets für junge, digital-affine Marken, die einen frischen, zeitgemässen Auftritt suchen. Während des Studiums habe ich mich intensiv mit aktuellen Design-Trends und Nutzerführung auseinandergesetzt, was mir jetzt hilft, schnell passende Konzepte zu entwickeln. Auch wenn ich noch am Anfang meiner Karriere stehe, habe ich bereits einige Projekte für Start-ups und kleine Onlineshops umgesetzt und dabei viel über die Zusammenarbeit mit Entwicklerinnen und Entwicklern gelernt. Mir ist wichtig, dass meine Designs nicht nur modern aussehen, sondern auch technisch sauber umsetzbar sind, deshalb arbeite ich mit klaren, gut dokumentierten Figma-Dateien. Ich freue mich über jedes Projekt, bei dem ich frische Ideen einbringen und gleichzeitig weiter dazulernen kann.;1;550
